source,target,weight_packets,observations,num_services
20,23,1887,96,2
20,24,19050,81,2
20,11,18085,84,2
20,44,261758,96,3
20,38,17868,82,2
20,7,872173,96,2
20,21,1368315,96,3
20,29,1241,68,1
20,12,27999,96,2
20,8,1318,67,1
20,36,405156,96,5
20,32,28284,96,2
20,43,12799630,96,3
20,1,16883,84,2
20,19,9554,75,2
20,40,3303,96,3
20,37,22850,92,2
20,30,28099,96,2
20,25,36343,96,1
20,2,8560,72,2
20,57,13156,84,2
20,50,1521,64,1
20,5,67386,96,3
20,9,1395,63,2
20,39,370331,96,3
20,10,14892,78,2
20,22,350834,96,3
20,4,28805,96,2
20,49,1169074,96,3
20,53,4300,68,2
20,26,134560,96,3
20,46,2339,71,2
20,15,22227,91,2
20,34,18470,87,2
20,31,19042,86,2
20,17,374539,96,3
20,35,16666,86,2
20,51,12375013,96,2
20,14,28233,96,2
20,33,12792926,96,3
20,45,14693609,96,3
20,47,3220,70,2
20,42,26846,96,2
20,48,1850720,96,3
20,18,28451,96,2
20,16,9704,81,2
20,28,67920,96,3
20,6,1083,60,1
20,41,1049,62,1
20,13,9190,73,2
20,27,13992,84,2
20,3,18798,88,2
23,15,1080,65,1
23,26,28316,96,2
23,3,1191,69,1
23,18,16111,85,2
23,21,1171,71,1
23,7,2537371,96,3
23,42,401376,96,2
23,11,1582,66,1
23,38,23537,90,2
23,9,28308,96,2
23,2,28275,96,2
23,10,28863,96,2
23,27,1134,66,1
23,36,3978004,96,5
23,51,2070690,96,2
23,20,28279,96,2
23,24,11338,81,2
23,31,221648,96,3
23,41,1100,75,1
23,5,1509573,96,3
23,50,28545,96,2
23,4,19476,87,2
23,40,2686789,96,72
23,30,7717,85,2
23,22,6422,76,2
23,25,803047,96,2
23,29,28342,96,2
23,35,404587,96,2
23,43,2146643,96,3
23,6,19564,82,2
23,37,28423,96,2
23,49,13218546,96,2
23,33,2082215,96,2
23,32,45468,96,3
23,19,28197,96,2
23,16,23416,93,2
23,53,11048039,96,2
23,12,7845930,96,3
23,47,1560,61,1
23,57,543986,96,2
23,28,3875051,96,3
23,8,28176,96,2
23,14,28167,96,2
23,45,2041179,96,2
23,48,2563462,96,2
23,39,2879999,96,5
23,17,2855667,96,6
23,13,1160,67,1
23,44,1071,62,1
23,1,961,62,1
23,34,1130,67,1
23,46,1420,69,1
10,29,4188,67,2
10,6,152698,96,2
10,31,2578,74,1
10,43,20936,90,3
10,41,28745,96,2
10,47,2831797,96,3
10,16,28994,96,2
10,36,6542596,96,5
10,35,19906,89,2
10,27,28815,96,2
10,39,6517571,96,6
10,25,33822,96,1
10,21,18272,85,2
10,8,1494,61,1
10,5,2271226,96,3
10,32,1230,72,1
10,14,29176,96,2
10,17,7125051,96,4
10,38,15938,77,2
10,1,2420315,96,3
10,42,5779,69,2
10,4,29272,96,2
10,44,1366516,96,3
10,12,6992735,96,3
10,53,11552296,96,3
10,33,3964,66,3
10,13,29233,96,2
10,57,4105033,96,3
10,7,2345039,96,2
10,22,28897,96,2
10,9,27686,95,2
10,40,29475,96,3
10,26,10649,78,2
10,45,17398,84,3
10,18,28961,96,2
10,2,7015,82,2
10,48,3155757,96,3
10,50,23483,92,2
10,3,10239,71,2
10,23,2617,96,2
10,49,1795258,96,3
10,34,18132,89,2
10,28,1346261,96,2
10,19,16679,84,2
10,20,15698,79,2
10,51,2172,69,3
10,11,7250,79,2
10,37,2178,73,1
10,15,14895,79,2
10,24,1668,65,1
10,46,1816,64,1
10,30,19595,83,2
29,38,27982,96,2
29,36,336281,96,5
29,27,10542,74,2
29,23,1901,96,2
29,25,104269,96,1
29,53,23289,91,2
29,41,1107,67,1
29,17,342121,96,4
29,28,28222,96,2
29,33,22552,89,2
29,4,27641,96,2
29,50,23004,92,2
29,48,5100790,96,3
29,47,1499,56,1
29,15,16127,85,2
29,32,974,57,1
29,39,357772,96,4
29,37,1571,79,1
29,26,26408,95,2
29,6,1253,64,1
29,14,1310,68,1
29,34,18857,81,2
29,46,3700,56,2
29,49,4153,68,3
29,35,24585,94,2
29,7,912544,96,3
29,22,28272,96,2
29,21,8587,72,2
29,57,28418,96,2
29,30,26908,95,2
29,11,23615,91,2
29,5,346590,96,2
29,10,26334,92,2
29,18,28358,96,2
29,8,16344,84,2
29,13,388940,96,3
29,44,6151,70,2
29,20,28326,96,2
29,45,2027,73,2
29,43,26410,95,2
29,2,1394,71,1
29,42,17284,77,2
29,1,28792,96,2
29,24,27322,96,2
29,40,25191,96,3
29,31,1776,72,1
29,51,5581,67,2
29,12,1010,59,1
29,19,17232,84,2
29,9,1240,73,1
29,16,9855,77,2
29,3,25499,92,2
44,28,28326,96,2
44,14,25058,93,2
44,10,7891,64,2
44,19,12934,73,2
44,2,5394,71,2
44,12,1040,66,1
44,5,10885654,96,3
44,37,15224,82,2
44,50,15796,80,2
44,57,19602,91,2
44,39,326657,96,5
44,53,21181,87,2
44,35,26050,95,2
44,48,1710183,96,3
44,27,28134,96,2
44,31,1609,66,1
44,20,11369,74,2
44,22,28255,96,2
44,32,28379,96,2
44,29,22920,91,2
44,30,28597,96,2
44,13,28732,96,2
44,43,15379,84,2
44,18,1404,67,1
44,24,1221,71,1
44,51,11066,77,2
44,17,315650,96,3
44,8,1232,65,1
44,46,4045,73,2
44,38,28422,96,2
44,21,16365,80,2
44,47,6918,73,2
44,33,28210,96,2
44,40,1977,96,2
44,42,9667,79,2
44,9,5763,76,2
44,6,28064,96,2
44,25,36318,96,1
44,7,932393,96,2
44,23,28937,96,3
44,36,330878,96,4
44,3,25498,94,2
44,26,19511,89,2
44,1,27941,95,2
44,34,24204,92,2
44,49,14178,80,2
44,41,5111,70,2
44,45,5513,75,2
44,11,23886,89,2
44,16,1266,71,1
44,15,27098,93,2
44,4,1477,61,1
28,2,1361,72,1
28,7,638372,96,3
28,12,7740,75,2
28,16,28196,96,2
28,36,306959,96,4
28,41,28195,96,2
28,21,28172,96,2
28,40,1677,96,2
28,10,28876,96,2
28,49,1819,67,1
28,44,1011,62,1
28,46,28738,96,2
28,24,9725,75,2
28,50,28218,96,2
28,42,28277,96,2
28,15,1263,73,1
28,53,28896,96,2
28,39,316464,96,4
28,25,36309,96,1
28,1,1571,68,1
28,35,28450,96,2
28,26,28138,96,2
28,31,28775,96,2
28,33,28228,96,2
28,22,10932,80,2
28,37,28365,96,2
28,14,1151,65,1
28,57,28574,96,2
28,5,11058735,96,3
28,34,1120,71,1
28,9,1141,62,1
28,13,2376,59,2
28,43,951,57,1
28,6,24654,93,2
28,23,11019,96,3
28,19,1170,65,1
28,30,28516,96,2
28,18,11427,80,2
28,45,28191,96,2
28,38,28306,96,2
28,32,28196,96,2
28,27,28291,96,2
28,11,28416,96,2
28,3,28136,96,2
28,48,1697819,96,2
28,17,343841,96,4
28,51,28338,96,2
28,4,21894,89,2
28,8,17946,82,2
28,29,1270,66,1
28,47,1620,60,1
28,20,1110,68,1
15,42,277690,96,3
15,10,15778,85,2
15,33,607349,96,3
15,7,3669652,96,4
15,61,34439,96,1
15,35,260701,96,3
15,39,2202124,96,7
15,30,36903,96,3
15,32,951,64,1
15,3,14166,81,2
15,40,28780,96,3
15,8,28282,96,2
15,51,608046,96,2
15,77,34386,96,1
15,24,256838,96,5
15,49,1928245,96,4
15,16,1648834,96,6
15,48,3730166,96,4
15,36,2249178,96,6
15,14,1063,62,1
15,47,1701,65,1
15,1,17362,88,2
15,46,375495,96,2
15,50,1269739,96,3
15,17,2143851,96,6
15,41,28178,96,2
15,19,275821,96,5
15,18,691162,96,4
15,6,222465,96,3
15,90,207583,96,2
15,29,585058,96,3
15,4,488352,96,4
15,109,227673,96,2
15,26,4096,71,2
15,11,3576845,96,11
15,22,17380,83,2
15,44,411321,93,3
15,57,236312,96,3
15,37,686231,96,4
15,2,235320,96,3
15,12,28266,96,2
15,5,201694,96,3
15,53,4632623,96,3
15,23,28959,96,3
15,27,11500,83,2
15,21,598450,96,3
15,45,606383,96,3
15,38,24289,92,2
15,43,605256,96,3
15,31,3597341,96,11
15,13,598137,96,4
15,34,593343,96,3
15,20,7336,81,2
15,9,970,63,1
15,25,275298,96,2
15,28,251149,96,3
38,23,6630,96,3
38,14,1126,66,1
38,5,28778,96,2
38,57,2993,63,2
38,12,25432,93,2
38,6,7788,68,2
38,37,1379,69,1
38,20,11254,82,2
38,16,10048,70,2
38,13,21270,85,2
38,26,2564,72,2
38,50,28637,96,2
38,18,28471,96,2
38,19,11076,72,2
38,30,3017,70,2
38,25,103955,96,1
38,17,335724,96,4
38,46,9054,72,2
38,35,10019,78,2
38,2,1238,71,1
38,34,983,59,1
38,33,6915,73,2
38,29,992,56,1
38,39,326412,96,4
38,53,28420,96,2
38,36,308161,96,4
38,49,11810,81,2
38,3,8125,74,2
38,7,1204658,96,2
38,10,14771,77,2
38,44,1113,68,1
38,22,1134,70,1
38,42,1296,74,1
38,8,1538727,96,3
38,27,5094,74,2
38,48,2360686,96,3
38,32,1260,72,1
38,21,3420,67,2
38,41,28128,96,2
38,15,5092,77,2
38,4,1912,71,1
38,47,1885,70,1
38,9,101485,96,2
38,1,8818,73,2
38,40,27652,96,3
38,28,1024,61,1
38,45,1190,66,1
38,31,1776,71,1
38,43,18654,86,2
38,51,842,55,1
38,24,19932,80,2
38,11,8510,71,2
39,14,47466,96,4
39,30,50487,96,4
39,47,6170576,96,5
39,36,96,96,2
39,35,23279,96,3
39,49,28342,96,3
39,43,49738,96,4
39,28,26730,96,4
39,6,33653,96,4
39,24,26097,96,4
39,38,30545,96,4
39,51,49770,96,4
39,48,8298761,96,5
39,1,6680907,96,5
39,46,45364,96,4
39,9,26229,96,4
39,2,293095,96,5
39,53,376610,96,5
39,41,75402,96,5
39,19,50264,96,4
39,37,464144,96,4
39,26,49444,96,4
39,13,30871,96,4
39,4,41726,96,4
39,12,25211,96,4
39,17,96,96,2
39,33,22768,96,3
39,8,22662,96,3
39,29,23365,96,3
39,15,49026,96,4
39,16,23816,96,3
39,45,50076,96,4
39,11,193830,96,5
39,10,1585222,96,5
39,5,42672,96,4
39,22,23011,96,4
39,20,22979,96,3
39,57,310480,96,5
39,42,50232,96,4
39,34,68013,96,5
39,27,98751,96,4
39,40,146471,96,5
39,32,49795,96,4
39,31,185680,96,5
39,44,22847,96,3
39,7,1601632,96,5
39,50,522522,96,3
39,3,45674,96,4
39,18,103543,96,4
39,23,157606,96,6
39,25,55255,96,1
39,21,41779,96,4
14,20,1272,70,1
14,46,14496,80,2
14,25,104158,96,1
14,24,19053,89,2
14,31,14311,81,2
14,38,27962,96,2
14,50,20445,89,2
14,22,28190,96,2
14,37,28081,96,2
14,53,28571,96,2
14,23,2018,96,2
14,6,14444,85,2
14,7,1277939,96,2
14,16,1095,68,1
14,21,28228,96,2
14,10,1498,62,1
14,35,28218,96,2
14,32,15762,80,2
14,13,2469,66,2
14,43,28566,96,3
14,57,28974,96,2
14,41,20514,89,2
14,5,28630,96,2
14,27,5470,69,2
14,36,290350,96,3
14,1,28720,96,2
14,3,28268,96,2
14,51,10754,85,3
14,47,20225,84,2
14,44,4386,73,2
14,29,28034,96,2
14,26,28347,96,2
14,15,28242,96,2
14,2,19229,88,2
14,12,28425,96,2
14,42,26682,96,2
14,39,323079,96,5
14,19,28132,96,2
14,17,337472,96,4
14,11,28906,96,2
14,48,1011049,96,3
14,49,3136007,96,4
14,4,28176,96,2
14,45,20144,89,3
14,34,28307,96,2
14,30,1347,66,1
14,18,1337,70,1
14,40,1780,96,2
14,28,28270,96,2
14,9,18383,85,2
14,8,1096,65,1
14,33,1416,73,2
31,11,9124912,96,12
31,45,27650,96,3
31,6,45121,96,3
31,3,634971,96,3
31,20,11589,80,2
31,44,142379,96,3
31,33,2557,77,2
31,26,1650,68,1
31,42,124617,96,3
31,27,28699,96,2
31,35,158858,96,3
31,39,2314107,96,7
31,10,29365,96,2
31,22,1839,67,1
31,40,1065162,96,4
31,17,2217017,96,6
31,30,11808,81,2
31,12,3197340,96,4
31,46,483000,96,3
31,24,1801,71,1
31,4,4544765,96,2
31,47,17102,85,2
31,34,28649,96,2
31,43,30049,96,3
31,32,3132737,96,4
31,48,9403010,96,4
31,21,11287,83,2
31,16,139958,96,2
31,41,12538,72,2
31,29,28878,96,2
31,13,13673,73,3
31,19,28972,96,2
31,9,27271,96,3
31,57,9035621,96,3
31,15,139981,96,2
31,18,1784,61,1
31,14,15838,82,2
31,2,5248864,96,3
31,5,978809,96,3
31,28,850095,80,2
31,23,1037680,96,3
31,51,16048,89,3
31,8,31618,96,3
31,1,2106,70,1
31,36,2204037,96,6
31,37,41113,96,3
31,38,28994,96,3
31,49,266554,96,3
31,7,7647549,96,3
31,25,5769234,96,15
31,53,28421721,96,3
31,50,27893,95,2
11,8,56437,96,3
11,6,63259,96,3
11,43,15602,84,2
11,30,10407,74,2
11,15,166381,96,3
11,17,2144729,96,6
11,53,27781128,96,3
11,25,5979379,96,15
11,3,632360,96,3
11,23,1337088,96,4
11,38,22193,93,3
11,12,3144311,96,3
11,10,24855,92,2
11,7,6403740,96,2
11,32,3239502,96,4
11,46,423938,96,3
11,49,259394,96,3
11,1,25053,93,2
11,24,1542,66,1
11,9,9214,74,3
11,2,5076576,96,3
11,13,33648,96,3
11,40,1064240,96,4
11,5,812418,88,2
11,51,25897,94,2
11,37,49620,96,3
11,19,16852,84,2
11,4,5243325,96,3
11,20,12001,73,2
11,29,6846,75,2
11,27,9302,77,2
11,48,10488788,96,4
11,16,166931,96,3
11,39,2219921,96,7
11,31,11271976,96,12
11,50,1260,68,1
11,26,24586,93,2
11,36,2096602,96,7
11,22,1698,64,1
11,44,441164,82,3
11,42,83818,96,2
11,21,20053,87,2
11,47,22957,91,2
11,35,91347,96,3
11,57,8799638,96,2
11,18,1455,56,1
11,34,7800,76,2
11,28,454512,82,2
11,33,20225,86,2
11,41,1796,70,1
11,14,1761,69,1
11,45,9908,76,2
19,23,1734,96,2
19,9,26564,94,2
19,48,1886840,96,3
19,34,15710,84,2
19,40,10783,96,3
19,20,19958,90,2
19,30,25900,93,2
19,24,17070,84,2
19,6,28214,96,2
19,2,1147,69,1
19,39,323695,96,3
19,51,1116,65,1
19,41,8722,77,2
19,50,5196,68,2
19,35,13895,83,2
19,36,325445,96,4
19,27,8672,75,2
19,3,6158,74,2
19,7,941902,96,2
19,17,353007,96,5
19,10,13903,82,2
19,13,1749,69,1
19,22,28208,96,2
19,29,12160,87,2
19,49,14968,78,2
19,11,12689,86,2
19,45,20280,88,2
19,28,28096,96,2
19,33,15911,86,2
19,53,22680,90,2
19,12,911,61,1
19,16,12180,84,2
19,47,23899,92,2
19,57,16018,78,2
19,5,1921,79,1
19,26,21178,85,2
19,42,15652,79,2
19,38,18153,83,2
19,21,11312,75,2
19,8,28023,96,2
19,44,16346,83,2
19,18,28593,96,2
19,14,1060,68,1
19,4,11221,82,2
19,32,951,62,1
19,25,104607,96,1
19,46,10142,76,2
19,31,1407,63,1
19,43,10622,72,2
19,37,1990,66,2
19,1,2346,75,2
19,15,16283,85,2
36,9,62710,96,4
36,31,430399,96,10
36,25,320965,96,2
36,42,268180,96,9
36,23,1044437,96,13
36,47,6170748,96,7
36,22,1755499,96,5
36,53,351517,96,5
36,57,338105,96,5
36,27,192853,96,7
36,29,151942,96,5
36,15,719525,96,7
36,12,150866,96,5
36,32,150497,96,5
36,49,630668,96,5
36,10,2143699,96,7
36,18,361795,96,3
36,34,913730,96,6
36,13,1412391,96,5
36,19,58691,96,4
36,11,419742,96,10
36,51,49111,96,4
36,30,54699,96,4
36,26,1653197,96,5
36,14,76303,96,4
36,38,78417,96,4
36,44,350373,96,5
36,46,72057,96,4
36,50,390396,96,4
36,3,75373,96,4
36,41,214346,96,7
36,1,7032984,96,7
36,8,62298,96,4
36,17,96,96,2
36,16,715589,96,7
36,40,1157794,96,13
36,35,281823,96,9
36,33,70610,96,4
36,4,72075,96,4
36,28,349947,96,5
36,21,919885,96,6
36,45,63220,96,4
36,2,313233,96,5
36,43,57329,96,4
36,39,96,96,4
36,20,1610578,96,4
36,5,351556,96,5
36,24,78166,96,4
36,48,8377762,96,6
36,37,411472,96,5
36,7,4844767,96,5
36,6,89241,96,5
48,44,20916,89,3
48,5,1210,73,2
48,16,1290,69,1
48,51,1204,72,2
48,6,1041,73,1
48,42,66411,96,3
48,12,1150,64,1
48,38,20896,89,2
48,2,3266,62,2
48,23,29192,96,4
48,15,13165,76,2
48,57,9336,77,2
48,24,9560,76,2
48,28,28404,96,3
48,9,13366,80,2
48,31,20488,80,2
48,8,28283,96,2
48,41,632014,96,3
48,32,1172,74,1
48,34,46222,96,3
48,26,1727079,96,3
48,27,1221098,96,3
48,13,24244,94,2
48,43,10976,80,3
48,30,25404,93,2
48,10,11771,76,2
48,36,800943,96,4
48,7,1242372,96,3
48,17,787895,96,3
48,4,29076,96,2
48,45,1110,68,2
48,20,2443778,96,3
48,1,20058,89,2
48,39,828154,96,6
48,53,2692,69,2
48,21,32110,96,3
48,47,16417,83,2
48,18,28454,96,2
48,25,36314,96,1
48,22,1886957,96,3
48,11,18019,86,2
48,50,4798,67,2
48,35,69856,96,3
48,49,655683,96,4
48,40,16103,96,4
48,19,4758,75,2
48,14,1080,68,1
48,37,1436,60,1
48,29,1101,63,1
48,3,6506,70,2
48,46,1459,59,1
48,33,8676,72,3
2,20,20828,88,2
2,6,28140,96,2
2,19,28348,96,2
2,40,28885,96,3
2,41,12784,78,2
2,57,591248,96,3
2,12,28207,96,2
2,17,310818,96,5
2,51,17028,80,3
2,9,11751,77,2
2,14,10348,78,2
2,28,28398,96,2
2,33,28605,96,3
2,7,995134,96,2
2,50,15026,81,2
2,31,23712,90,2
2,27,22974,91,2
2,23,2166,96,2
2,5,28634,96,2
2,36,314670,96,4
2,39,332924,96,4
2,35,956,58,1
2,38,28312,96,2
2,16,28176,96,2
2,29,28074,96,2
2,44,24131,91,2
2,53,604380,96,3
2,25,103771,96,1
2,48,2006706,96,3
2,8,8516,72,2
2,32,1201,65,1
2,24,1241,70,1
2,10,23965,88,2
2,3,18118,87,2
2,13,28716,96,2
2,34,27319,96,2
2,30,22649,87,2
2,37,10814,78,2
2,46,22408,86,2
2,4,28700,96,2
2,47,6010,71,2
2,26,22015,89,2
2,42,24450,89,2
2,1,2506,65,2
2,43,28504,95,3
2,49,18760,84,3
2,45,6519,65,2
2,22,1147,64,1
2,11,19109,85,2
2,15,18456,85,2
2,18,1207,61,1
2,21,11110,78,2
27,44,1250,69,1
27,24,28020,96,2
27,1,28659,96,2
27,4,1560,65,1
27,2,6520,75,2
27,43,4643122,96,3
27,18,28385,96,2
27,23,28955,96,3
27,11,1402325,96,3
27,17,3017400,96,4
27,40,11633,96,3
27,10,1884,71,1
27,12,1155,70,1
27,53,527666,96,3
27,49,3819291,96,3
27,29,18654,87,2
27,51,4766974,96,3
27,22,1040,67,1
27,34,25824,95,2
27,31,1381104,96,2
27,14,23910,93,2
27,5,1488,61,1
27,25,36391,96,1
27,6,1142,71,1
27,36,3019523,96,5
27,3,16107,84,2
27,41,1224,65,1
27,16,1388378,96,2
27,39,3030685,96,4
27,50,13065,77,2
27,48,1419906,96,3
27,32,1251,69,1
27,42,88318,96,4
27,38,24245,90,2
27,9,1944,63,2
27,15,18076,92,2
27,7,1258560,96,3
27,57,184780,96,3
27,33,5004604,96,3
27,20,15376,82,2
27,26,6493,77,2
27,45,1073464,96,2
27,30,13323,77,2
27,28,1140954,96,2
27,35,85235,96,4
27,47,1864,68,1
27,8,1022,64,1
27,21,13855,82,2
27,19,20428,92,2
27,37,1536,69,1
27,46,1812,74,1
27,13,12657,75,2
8,41,20175,91,2
8,3,1242,69,2
8,5,1610,69,1
8,45,28226,96,2
8,6,1190,70,1
8,47,8324,75,2
8,2,20670,83,2
8,48,2193182,96,2
8,34,28133,96,2
8,35,28212,96,2
8,44,28298,96,2
8,23,1728,96,2
8,25,104099,96,1
8,28,11592,79,2
8,17,321212,96,4
8,38,1235912,96,2
8,15,1102,66,1
8,32,16009,85,2
8,46,28562,96,2
8,22,26104,94,2
8,7,1536462,96,2
8,16,16714,79,2
8,40,28965,96,3
8,21,28421,96,2
8,51,1144,64,1
8,4,19464,85,2
8,53,24339,94,2
8,49,1680,61,1
8,20,28289,96,2
8,31,27297,95,2
8,37,28336,96,2
8,36,323968,96,5
8,57,1780,67,1
8,24,28008,96,2
8,10,28594,96,2
8,9,1273993,96,3
8,14,28045,96,2
8,1,28653,96,2
8,33,28191,96,2
8,29,12982,85,2
8,27,28383,96,2
8,11,1700,76,1
8,43,1117,70,1
8,39,329203,96,4
8,30,1254,61,1
8,42,1070,69,1
8,19,1190,72,1
8,26,1197,70,1
8,13,1755,73,1
8,50,23323,90,2
8,18,1358,65,1
8,12,1137,69,1
41,24,1105,60,1
41,45,1145607,96,3
41,9,16584,83,2
41,19,20611,87,2
41,1,28124,96,2
41,4,3643,71,2
41,50,27537,95,2
41,33,4549317,96,2
41,8,9254,74,2
41,5,28302,96,2
41,12,28333,96,2
41,42,16102,84,2
41,10,1674,63,1
41,48,3034025,96,2
41,39,3305356,96,3
41,35,28376,96,2
41,46,25618,95,2
41,23,29192,96,3
41,57,181928,96,3
41,49,3696377,96,3
41,11,1410853,96,3
41,34,28213,96,2
41,43,3142849,96,2
41,44,24336,95,2
41,17,3206113,96,5
41,18,28342,96,2
41,26,28241,96,2
41,7,882798,96,2
41,22,1057,62,1
41,47,4497,71,2
41,53,531474,96,3
41,40,2182,96,2
41,21,1146,71,1
41,2,16554,86,2
41,14,8785,73,2
41,28,1411501,96,2
41,36,3123773,96,3
41,31,1397512,96,3
41,16,1260666,96,3
41,25,36390,96,1
41,20,28142,96,2
41,27,28483,96,3
41,6,1104,61,1
41,3,28260,96,2
41,51,4186233,96,2
41,37,23904,95,2
41,29,28174,96,2
41,32,1426,73,1
41,30,1652,78,1
41,15,1229,70,1
41,13,970,65,1
41,38,940,53,1
12,44,28232,96,2
12,18,13691,78,2
12,53,1957,71,1
12,7,2049407,96,3
12,30,1810,66,2
12,39,843789,96,5
12,38,3874,69,2
12,8,28341,96,2
12,40,1860,96,2
12,27,28138,96,2
12,23,20047,96,3
12,6,19716,85,2
12,22,16885,84,2
12,32,1273,79,1
12,29,28242,96,2
12,41,1226,70,1
12,48,2248896,96,3
12,19,28122,96,2
12,5,545824,96,3
12,25,36012,96,1
12,31,1375,54,2
12,4,28496,95,2
12,21,28216,96,2
12,49,47764,96,2
12,24,8180,80,2
12,9,28326,96,2
12,51,1222,70,1
12,57,28656,96,2
12,3,28159,96,2
12,43,28295,96,2
12,11,28684,96,2
12,46,1220,69,1
12,28,21574,86,2
12,36,812279,96,4
12,47,1803,65,1
12,1,28888,96,2
12,50,28499,96,2
12,42,28332,96,2
12,17,829607,96,5
12,33,1271,59,2
12,37,28573,96,2
12,15,1241,66,1
12,14,1110,68,1
12,16,10295,74,2
12,26,1090,71,1
12,45,1301,71,1
12,35,1135,70,1
12,10,1822,67,1
12,2,1220,64,1
12,13,7152,72,2
12,34,1163,69,1
12,20,982,62,1
1,53,11058957,96,3
1,12,7030285,96,2
1,9,24566,93,2
1,7,2231344,96,3
1,44,1361183,96,3
1,16,11018,71,2
1,34,18866,87,2
1,4,2510,68,1
1,8,1797,65,1
1,50,15106,82,2
1,15,13029,80,2
1,40,17464,96,3
1,57,4203455,96,3
1,3,8755,81,2
1,41,1281,69,1
1,33,971,63,1
1,21,20871,87,2
1,19,28148,96,2
1,29,1669,70,1
1,2,27740,96,2
1,14,1574,66,1
1,17,6820378,96,5
1,23,29007,96,3
1,42,1585,69,1
1,11,6074,67,2
1,39,6262762,96,5
1,26,9410,75,2
1,25,36640,96,1
1,46,2141,67,1
1,27,1931,70,2
1,18,29144,96,2
1,48,4464636,96,3
1,38,21327,88,2
1,10,6885560,96,3
1,22,28591,96,2
1,47,2928527,96,2
1,28,1389952,96,3
1,5,2300597,96,3
1,37,29000,96,2
1,6,28718,96,2
1,35,9086,76,2
1,20,13216,77,2
1,45,2667,76,2
1,36,6261438,96,5
1,51,1911,70,1
1,31,29302,96,2
1,43,1468,66,1
1,49,20207,87,2
1,13,13088,77,2
1,30,13604,81,2
1,32,1474,64,1
1,24,15918,82,2
53,26,10140,81,2
53,4,13940,82,2
53,43,27513,95,2
53,42,27855,96,2
53,36,334765,96,4
53,40,2036,96,2
53,18,29215,96,2
53,23,28936,96,3
53,17,315338,96,4
53,25,110376,96,1
53,20,26037,93,2
53,38,1654,67,1
53,21,29029,96,2
53,24,16099,83,2
53,13,10476,76,2
53,31,23972,93,2
53,12,28618,96,2
53,27,26734,96,2
53,35,20796,88,2
53,11,27177,94,2
53,44,9467,82,2
53,5,1150,68,1
53,34,28771,96,2
53,33,8516,71,2
53,57,596997,96,3
53,10,2256,70,1
53,19,7793,77,2
53,48,7378550,96,3
53,49,21319,89,2
53,45,7835,74,2
53,37,14685,79,2
53,50,24491,90,2
53,15,25806,95,2
53,39,318355,96,3
53,16,1621,62,1
53,29,6991,75,2
53,7,1956197,96,2
53,6,28828,96,2
53,14,1963,79,2
53,30,1782,63,1
53,1,8942,80,2
53,32,17752,82,2
53,2,590600,96,3
53,41,13210,83,2
53,9,28686,96,2
53,47,6410,66,2
53,22,1550,63,1
53,28,1479,67,1
53,3,11223,78,2
53,51,3894,69,2
53,46,6025,73,2
53,8,6091,70,2
47,51,23603,90,2
47,44,2283918,96,3
47,22,1531,64,1
47,17,7075310,96,6
47,34,28838,96,2
47,37,11168,83,2
47,33,22873,90,2
47,28,1381004,96,3
47,20,27378,94,2
47,15,28742,96,2
47,10,6746350,96,3
47,42,23679,94,2
47,39,6577529,96,4
47,30,28890,96,2
47,12,7048758,96,3
47,49,29385,96,2
47,57,4148972,96,3
47,41,26238,94,2
47,8,22284,88,2
47,31,14853,84,2
47,40,2455,96,2
47,14,8966,67,2
47,25,30865,96,1
47,7,2184366,96,2
47,1,2003377,96,3
47,29,28476,96,2
47,18,1836,66,1
47,6,1796,71,1
47,50,2166,71,1
47,36,6537768,96,5
47,4,28224,96,2
47,16,28764,96,2
47,13,26363,92,2
47,23,29610,96,3
47,27,28787,96,2
47,5,1385490,96,3
47,43,15973,80,2
47,45,2217,65,2
47,53,10990502,96,3
47,38,29148,96,2
47,19,6640,68,2
47,35,28190,96,2
47,24,28907,96,2
47,32,1831,69,1
47,48,3020035,96,3
47,46,6249,72,2
47,11,8228,72,2
47,3,2782,71,2
47,9,14761,79,2
47,2,24544,92,2
47,21,5706,68,2
47,26,9568,76,2
51,17,838679,96,4
51,47,7247,79,2
51,49,89382777,96,3
51,15,29784,96,3
51,33,87851990,96,406
51,46,23474,88,3
51,40,1792,96,2
51,29,23688,90,2
51,7,2662142,96,2
51,24,28293,96,2
51,16,36650,96,4
51,11,4791,76,2
51,36,874344,96,6
51,23,28933,96,3
51,25,216493,96,5
51,42,14779,87,2
51,39,813652,96,4
51,48,1308497,96,3
51,53,5208430,96,3
51,3,197907,96,3
51,44,111552,96,3
51,27,23448,93,2
51,26,1080,63,1
51,41,1076,65,1
51,45,89184047,96,336
51,21,24641,93,2
51,19,28250,96,2
51,35,17759,82,2
51,4,7277,74,3
51,31,15151,76,2
51,1,28802,96,2
51,2,254129,96,3
51,9,14068,81,2
51,32,1411099,96,4
51,10,27087,96,2
51,38,28222,96,2
51,37,14979,83,3
51,20,28236,96,2
51,28,1265,68,2
51,18,28296,96,2
51,8,28230,96,2
51,57,270239,96,3
51,12,280333,96,4
51,43,79977570,96,306
51,34,28139,96,2
51,13,2924344,96,5
51,50,12413,73,3
51,6,1137,70,1
51,22,1092,65,1
51,14,18892,87,2
51,30,6251,75,2
51,5,27694,78,2
4,32,17507,86,2
4,22,3082,71,2
4,15,1853,65,1
4,10,2474,69,1
4,38,28494,96,2
4,28,8462,74,2
4,33,28622,96,2
4,49,2704,75,1
4,51,28858,96,2
4,5,2376,70,1
4,41,26838,95,2
4,29,2880,72,2
4,25,110308,96,1
4,7,1100716,96,3
4,23,11505,96,3
4,45,28855,96,2
4,12,1915,59,2
4,19,19384,83,2
4,13,11079,73,2
4,20,2047,76,1
4,40,2463,96,2
4,14,1240,69,1
4,36,398816,96,5
4,17,425918,96,4
4,1,29287,96,2
4,21,1431,64,1
4,47,1330,70,1
4,31,29408,96,2
4,39,399411,96,4
4,24,21124,85,2
4,6,11418,75,2
4,27,28650,96,2
4,48,2132484,96,2
4,50,28996,96,2
4,44,28668,96,2
4,37,29243,96,2
4,35,1131,65,1
4,46,5486928,96,4
4,42,28866,96,2
4,30,5485639,96,4
4,43,28970,96,2
4,34,1375,57,1
4,11,12154,80,2
4,9,28500,96,2
4,16,1666,67,1
4,53,17599,81,2
4,57,2393,73,1
4,18,4518,64,2
4,8,10619,76,2
4,3,1878,63,1
4,26,2095,73,1
4,2,1461,62,1
32,2,28150,96,2
32,6,1261,69,1
32,29,28113,96,2
32,21,1264,70,1
32,47,28585,96,2
32,53,12463,78,2
32,27,28120,96,2
32,31,20586,87,2
32,43,113335,92,3
32,14,13570,74,2
32,25,36365,96,1
32,7,1247129,96,3
32,1,29010,96,2
32,39,557547,96,3
32,9,26115,93,2
32,51,149111,96,3
32,38,27962,96,2
32,49,87072,96,3
32,36,574665,96,4
32,17,577977,96,4
32,18,24953,94,2
32,34,1302,71,1
32,42,28270,96,2
32,26,1333,70,1
32,33,128225,96,3
32,11,1739,68,1
32,10,28284,96,2
32,8,13131,72,2
32,48,2122116,96,3
32,23,2054,96,2
32,35,28198,96,2
32,19,27961,96,2
32,3,1251,71,1
32,4,13238,85,2
32,15,28174,96,2
32,41,1086,63,1
32,5,1743,73,1
32,28,519872,96,2
32,40,1821,96,2
32,24,28455,96,2
32,45,136387,93,3
32,44,1034,61,1
32,46,14678,77,2
32,57,28851,96,2
32,12,28513,96,2
32,13,1715,70,1
32,22,1002,64,1
32,16,1300,73,1
32,20,1035,61,1
32,30,1198,57,1
32,50,18260,82,2
32,37,26281,90,2
42,49,4226399,96,3
42,40,1904,96,2
42,43,7842128,96,3
42,14,2814,75,2
42,3,16266,88,2
42,32,1363,72,1
42,45,2878500,96,2
42,25,36329,96,1
42,13,1616,69,1
42,18,28334,96,2
42,50,8779,76,2
42,51,8038976,96,3
42,44,1267027,96,3
42,27,354474,96,3
42,21,17025,84,2
42,17,2533820,96,4
42,36,2479476,96,4
42,34,4110,77,2
42,53,1006804,96,3
42,48,2055664,96,3
42,9,4023,71,2
42,38,28148,96,2
42,11,28760,96,2
42,28,1142,69,1
42,26,28106,96,2
42,6,28260,96,2
42,57,536382,96,3
42,2,243126,96,3
42,16,573225,96,3
42,8,28107,96,2
42,12,1266,78,1
42,7,951293,96,2
42,41,182010,96,3
42,33,8436891,96,3
42,20,2415,63,2
42,30,6724,74,2
42,19,13822,83,2
42,47,7382,77,2
42,37,5658,71,2
42,22,28117,96,2
42,39,2561157,96,3
42,1,28505,96,2
42,35,2009860,96,4
42,23,28703,96,3
42,4,1813,66,1
42,15,23504,93,2
42,10,24729,91,2
42,24,1143,70,1
42,5,1473,66,1
42,46,7336,74,2
42,31,2105,67,2
42,29,12026,75,2
49,29,25671,92,2
49,19,15606,84,2
49,26,23393,90,2
49,21,28096,96,2
49,25,36895,96,1
49,22,28359,96,2
49,57,12216,79,2
49,42,1846,70,1
49,12,28910,96,2
49,17,455391,96,4
49,36,427294,96,4
49,39,444368,96,5
49,20,13556,75,2
49,6,1568,60,1
49,13,29185,96,2
49,27,5645,68,2
49,46,6217,76,2
49,51,16217,80,2
49,44,15151,81,2
49,18,1921,69,1
49,7,886084,96,3
49,10,19450,88,2
49,14,541480,96,2
49,8,28959,96,2
49,40,27179,96,3
49,38,19054,87,2
49,28,28826,96,2
49,2,14141,79,2
49,24,1813,69,1
49,50,11057,76,2
49,48,2645255,96,3
49,37,3849,74,2
49,34,28857,96,2
49,15,25527,96,2
49,16,15671,81,2
49,43,19012,86,2
49,35,5016,71,2
49,31,2441,73,1
49,23,29454,96,3
49,4,29459,96,2
49,30,29406,96,2
49,33,14913,76,2
49,45,6947,72,2
49,3,15946,81,2
49,1,11290,76,2
49,11,3951,65,2
49,32,1673,66,1
49,5,8303,74,2
49,47,2514,67,1
49,41,17118,86,2
49,53,10428,77,2
49,9,7269,77,2
24,19,12320,83,2
24,5,9418,74,2
24,2,28078,96,2
24,48,1938691,96,3
24,33,9746,75,2
24,4,9438,74,2
24,14,10274,76,2
24,1,14404,78,2
24,32,950,62,1
24,10,28594,96,2
24,12,21112,89,2
24,41,28280,96,2
24,34,1155,67,1
24,36,314570,96,4
24,31,28474,96,2
24,50,28443,96,2
24,13,16822,82,2
24,7,1696885,96,3
24,37,28554,96,2
24,42,28419,96,2
24,46,970,62,1
24,26,972,58,2
24,43,1218,74,1
24,47,1638,62,1
24,3,1151,69,1
24,16,14875,83,2
24,15,15571,86,2
24,53,14509,85,2
24,40,9157,96,3
24,17,344756,96,4
24,9,6010,76,2
24,49,28794,96,2
24,30,18506,87,2
24,44,28297,96,2
24,25,107608,96,1
24,21,28237,96,2
24,28,19582,84,2
24,39,352811,96,4
24,11,28772,96,2
24,20,10316,80,2
24,38,9480,82,2
24,29,2197,70,2
24,23,18651,96,3
24,27,1096,67,1
24,8,1373,69,1
24,22,25662,93,2
24,18,7238,80,2
24,6,1060,65,1
24,45,1299,73,1
24,57,1582,62,1
24,51,1053,66,1
24,35,1101,61,1
5,4,29353,96,2
5,25,36850,96,1
5,43,29044,96,2
5,21,1692,70,1
5,49,23697,91,2
5,3,18858,88,2
5,16,13649,77,2
5,7,728722,96,3
5,53,28306,96,2
5,48,3316719,96,3
5,51,28604,96,2
5,31,2139,68,1
5,30,9234,75,2
5,24,20524,88,2
5,44,1691,68,1
5,42,28881,96,2
5,9,1677,62,1
5,46,29468,96,2
5,15,1643,69,1
5,13,18321,84,2
5,19,28592,96,2
5,17,319191,96,4
5,12,3176,67,2
5,34,25264,91,2
5,41,1200,71,1
5,47,2216,67,1
5,40,1866,96,2
5,45,1812,63,1
5,11,29319,96,2
5,8,28627,96,2
5,22,14431,77,2
5,50,1802,67,1
5,1,930,60,1
5,36,317556,96,3
5,23,8214,96,3
5,29,28839,96,2
5,57,1050,62,1
5,6,28908,96,2
5,20,1478,62,1
5,18,28153,96,2
5,39,326710,96,4
5,27,28701,96,2
5,26,28721,96,2
5,37,28936,96,2
5,32,28580,96,2
5,33,18718,85,2
5,10,16491,85,2
5,28,19554,88,2
5,2,1696,66,1
5,14,1603,67,1
5,38,1845,71,1
5,35,1538,62,1
7,19,28078,96,2
7,4,16853,82,2
7,15,1020,62,1
7,13,28662,96,2
7,45,1007,61,1
7,51,28300,96,2
7,25,36091,96,1
7,44,28326,96,3
7,9,28196,96,2
7,43,28277,96,2
7,8,28400,96,2
7,22,1486683,96,3
7,38,28264,96,2
7,26,1526594,96,3
7,39,870176,96,4
7,49,636381,96,3
7,36,813616,96,3
7,41,630630,96,3
7,29,1139,66,1
7,11,28922,96,2
7,27,1198115,96,2
7,28,5531,69,3
7,48,1083670,82,2
7,21,37986,96,3
7,53,28832,96,2
7,5,1618,69,2
7,14,28174,96,2
7,20,2045183,96,3
7,16,1150,68,1
7,3,1240,79,1
7,33,28375,96,2
7,50,1298,68,1
7,47,28742,96,2
7,46,28116,96,2
7,6,12852,81,2
7,31,1590,65,1
7,34,10897,96,2
7,17,848489,96,5
7,30,22618,90,2
7,42,85685,96,3
7,12,26798,95,2
7,40,1888,96,2
7,10,28774,96,2
7,23,14461,96,3
7,2,28338,96,2
7,32,1042,61,1
7,35,58490,96,2
7,57,1457,62,1
7,24,6430,68,2
7,18,15320,86,2
7,1,1740,73,1
7,37,1184,60,1
17,3,30618,96,3
17,6,7230,90,3
17,25,54564,96,1
17,39,96,96,4
17,47,6063702,96,3
17,48,5246147,96,4
17,53,34365,96,3
17,57,32305,96,3
17,38,9692,86,3
17,37,65515,96,2
17,27,3724,83,2
17,43,30597,96,3
17,24,3983,85,2
17,34,30702,96,3
17,1,6946312,96,3
17,50,99336,96,3
17,32,29374,96,3
17,18,83860,96,3
17,36,96,96,2
17,8,16041,92,3
17,20,30496,96,3
17,9,30461,96,3
17,33,4031,82,2
17,12,30152,96,3
17,41,27081,94,3
17,7,1619633,96,3
17,2,20361,94,3
17,29,21218,96,3
17,11,106284,96,4
17,13,30609,96,3
17,22,3681,86,2
17,15,4429,88,2
17,26,30807,96,3
17,16,31747,96,3
17,51,30528,96,3
17,14,7475,93,3
17,5,31027,96,3
17,19,3772,92,2
17,40,362298,96,4
17,10,1530867,96,4
17,21,31383,96,3
17,44,30857,96,3
17,45,25786,96,3
17,46,34750,96,3
17,31,133088,96,4
17,23,285160,96,5
17,42,31284,96,3
17,4,8570,95,2
17,28,4034,88,2
17,35,4224,90,2
17,49,8544,91,2
17,30,5233,91,2
6,16,1110,72,1
6,39,476157,96,4
6,32,28356,96,2
6,31,20601,93,3
6,19,982,60,1
6,48,2720597,96,3
6,53,1694,71,1
6,10,29190,96,2
6,40,28912,96,3
6,12,9430,80,2
6,4,18921,85,2
6,22,2843,74,2
6,3,28212,96,2
6,20,28213,96,2
6,44,1173,67,1
6,15,28380,96,2
6,25,308084,96,4
6,23,10350,96,3
6,35,48883,96,3
6,47,28845,96,2
6,49,29090,96,2
6,11,2704,83,2
6,41,28215,96,2
6,43,1201,69,1
6,9,28084,96,2
6,45,28228,96,2
6,13,28648,96,2
6,33,28300,96,2
6,27,28207,96,2
6,51,28222,96,2
6,18,9092,76,2
6,17,487215,96,4
6,37,28474,96,2
6,57,28463,96,2
6,7,2450224,96,3
6,29,28097,96,2
6,36,463807,96,5
6,2,1024,60,1
6,38,21474,90,2
6,8,28201,96,2
6,24,27968,96,2
6,42,22304,96,2
6,46,27787,96,2
6,21,1271,70,1
6,26,1320,68,1
6,5,1402,63,1
6,34,1130,62,1
6,1,1710,71,1
6,50,1346,66,1
6,30,2154,70,2
6,14,14883,76,2
6,28,4578,67,2
34,9,28405,96,2
34,15,11079,78,2
34,51,1217,70,1
34,1,11480,82,2
34,5,212561,96,3
34,14,1177,64,1
34,33,7375,69,2
34,29,10401,83,2
34,2,1978,65,2
34,11,21618,89,2
34,20,91256,96,3
34,19,13757,83,2
34,39,363318,96,3
34,30,20752,90,2
34,13,18856,88,2
34,21,26309,96,2
34,12,28072,96,2
34,47,1510,68,1
34,7,1007730,96,3
34,23,28945,96,3
34,35,17533,88,2
34,40,18292,96,3
34,53,1865,74,1
34,42,25427,93,2
34,28,28099,96,3
34,36,366799,96,5
34,26,263575,96,3
34,6,28140,96,2
34,3,7706,73,2
34,44,5266,75,3
34,38,28206,96,2
34,46,28747,96,2
34,48,1863880,96,3
34,57,1649,67,1
34,32,28091,96,2
34,45,28341,96,2
34,18,1387,65,1
34,4,28606,96,2
34,22,344436,96,3
34,25,36362,96,1
34,17,377488,96,3
34,24,28366,96,2
34,27,3762,72,2
34,10,12473,81,2
34,49,1883,65,1
34,50,1090,66,1
34,16,24504,93,2
34,41,932,62,1
34,37,1404,71,1
34,31,1660,72,1
34,8,873,51,1
34,43,4244,73,2
9,2,17559,81,2
9,14,10981,82,2
9,5,29090,96,2
9,3,24002,90,2
9,12,1010,67,1
9,37,13392,81,2
9,42,25348,94,2
9,28,28235,96,2
9,50,14131,85,2
9,15,28099,96,2
9,29,28165,96,2
9,26,28400,96,2
9,1,5499,67,2
9,51,15362,84,2
9,25,106607,96,1
9,40,2080,96,2
9,22,28045,96,2
9,16,1170,70,1
9,11,21164,88,2
9,43,12338,77,2
9,18,1140,71,1
9,48,2423967,96,3
9,35,19405,83,2
9,44,23810,91,2
9,57,20390,92,2
9,36,313789,96,4
9,20,27768,96,2
9,23,1723,96,2
9,31,3458,73,2
9,21,16498,85,2
9,38,128782,96,3
9,8,1515840,96,3
9,46,14670,81,2
9,19,2833,69,2
9,32,3310,78,2
9,33,28491,96,2
9,30,28100,96,2
9,10,2922,68,2
9,17,302404,96,4
9,27,27297,96,2
9,47,16033,83,2
9,49,23752,93,2
9,39,343418,96,4
9,53,1759,61,1
9,13,16321,82,2
9,41,12914,81,2
9,7,2101758,96,2
9,45,4924,70,2
9,6,1070,65,1
9,4,1680,64,1
9,34,910,53,1
9,24,23396,88,2
30,23,23014,96,3
30,24,10768,80,2
30,53,29283,96,2
30,6,27306,94,2
30,46,5408206,96,3
30,10,11034,75,2
30,11,20755,91,2
30,18,28394,96,2
30,26,18978,86,2
30,44,1457,72,1
30,25,106696,96,1
30,19,3383,67,2
30,41,28744,96,2
30,7,1862380,96,3
30,47,2361,70,1
30,2,7280,70,2
30,32,28294,96,2
30,35,18725,86,2
30,51,28702,96,2
30,57,29113,96,2
30,12,27574,96,2
30,14,28477,96,2
30,17,414380,96,5
30,42,23312,90,2
30,1,17061,81,2
30,4,8006884,96,3
30,8,28387,96,2
30,36,403964,96,4
30,33,15828,85,2
30,43,9139,79,2
30,29,2986,69,2
30,20,1530,64,2
30,13,27832,95,2
30,15,2663,65,2
30,40,12388,96,3
30,45,1110,56,1
30,16,12053,77,2
30,50,28882,96,2
30,39,387342,96,4
30,38,27109,94,2
30,37,1584,70,1
30,21,1676,79,1
30,28,1337,60,1
30,31,19604,89,2
30,48,2154318,96,3
30,3,28212,96,2
30,49,2122,68,1
30,5,21610,93,2
30,27,16660,85,2
30,34,9335,74,2
30,22,28120,95,2
30,9,1210,66,1
54,55,684,96,1
54,56,7521,96,1
54,89,362152,96,1
54,95,682,96,1
54,105,680,96,1
54,101,684,96,1
54,122,678,96,1
54,66,682,96,1
54,91,682,96,1
54,136,680,96,1
54,140,682,96,1
54,141,684,96,1
54,145,8464,96,1
54,312,18,1,1
54,65,18,1,1
3,20,10309,75,2
3,24,28239,96,2
3,11,20855,87,2
3,28,1036,65,1
3,50,7875,72,2
3,13,28976,96,2
3,46,890,62,1
3,8,28241,96,2
3,9,5417,81,2
3,22,28197,96,2
3,12,1170,63,1
3,33,27977,96,2
3,53,19421,92,2
3,4,28773,96,2
3,1,21691,91,2
3,44,522845,96,3
3,57,9525,77,2
3,2,11594,74,2
3,10,20653,86,2
3,19,23238,91,2
3,37,14564,83,2
3,40,10544,96,3
3,49,60764,96,3
3,26,26102,95,2
3,27,13425,82,2
3,45,1071,64,1
3,15,15050,86,2
3,25,36020,96,1
3,29,3932,66,2
3,17,716706,96,4
3,38,21173,90,2
3,42,13134,79,2
3,36,790587,96,4
3,5,11845,77,2
3,30,1310,71,1
3,7,1781125,96,3
3,34,21632,85,2
3,43,18798,86,2
3,48,1911456,96,3
3,39,735288,96,4
3,32,28267,96,2
3,41,1167,62,1
3,47,28388,95,2
3,21,12719,83,2
3,16,28334,96,2
3,23,28847,96,3
3,51,1010,65,1
3,31,18469,84,2
3,6,1030,61,1
3,18,1250,66,1
3,14,1083,62,1
3,35,8710,67,2
33,12,314474,96,4
33,4,29218,90,3
33,57,481548,96,3
33,3,624050,81,3
33,32,1536793,96,3
33,18,28212,96,2
33,46,23414,87,2
33,2,477377,96,2
33,9,1147,74,1
33,43,80930195,96,320
33,40,28826,96,3
33,25,400943,96,5
33,51,77309087,96,349
33,11,16384,96,3
33,21,14997,82,2
33,24,19468,80,2
33,7,3552963,96,2
33,16,127173,96,4
33,41,58966,96,3
33,39,1832669,96,5
33,37,1337,67,1
33,50,1414,72,1
33,29,6883,77,2
33,10,26730,90,2
33,38,22698,92,2
33,28,1061,64,2
33,5,297753,93,3
33,53,10081025,96,3
33,45,91191974,96,325
33,26,3847,72,2
33,6,1256,75,1
33,23,29161,96,3
33,35,27448,95,2
33,1,28222,96,2
33,36,1844074,96,5
33,20,8594,78,2
33,48,2108731,96,3
33,8,1110,64,1
33,14,28049,96,2
33,30,36996,94,3
33,27,159033,96,3
33,47,7945,75,2
33,22,7351,73,2
33,17,1919864,96,6
33,31,34009,96,3
33,42,1128,67,1
33,49,347952541,96,4
33,13,4230528,96,5
33,15,46705,96,3
33,44,201482,88,2
33,34,21994,89,2
33,19,13834,82,2
46,8,1389,65,1
46,4,7824820,96,4
46,35,21129,90,2
46,48,2409083,96,3
46,6,1636,71,2
46,49,25464,93,2
46,31,2102,66,1
46,47,25716,94,2
46,45,15488,81,2
46,50,19055,89,2
46,5,2138,69,1
46,51,11274,79,2
46,14,15601,85,2
46,24,28330,96,2
46,53,25091,92,2
46,23,29164,96,3
46,42,22947,90,2
46,33,28326,96,2
46,43,13561,80,2
46,12,28236,96,2
46,26,20951,87,2
46,38,21186,91,2
46,19,20013,85,2
46,9,14828,88,2
46,21,26589,95,2
46,15,28360,96,2
46,25,106957,96,1
46,32,15431,80,2
46,7,1338877,96,2
46,44,26208,94,2
46,11,25715,91,2
46,37,12870,80,2
46,10,29158,96,2
46,27,28779,96,2
46,29,25925,93,2
46,17,386155,96,3
46,22,1322,66,1
46,40,2399,96,2
46,2,7526,76,2
46,41,4736,71,2
46,1,28995,96,2
46,3,28270,96,2
46,30,5463041,96,4
46,39,406494,96,5
46,36,383983,96,4
46,20,27961,95,2
46,28,1249,59,1
46,57,19058,85,2
46,13,2238,69,1
46,16,1040,61,1
46,18,1050,64,1
46,34,1434,67,1
22,36,381865,96,5
22,17,411731,96,4
22,41,28242,96,2
22,27,28019,96,2
22,48,1863196,96,2
22,18,28326,96,2
22,50,28505,96,2
22,51,14147510,96,3
22,7,848448,96,3
22,1,1873,69,1
22,30,1831,66,2
22,46,28437,96,2
22,20,143013,96,3
22,29,1020,67,1
22,28,55666,96,3
22,33,10615910,96,3
22,49,1142876,96,2
22,12,12361,80,2
22,47,28882,96,2
22,8,3039,65,2
22,57,28844,96,2
22,16,5912,73,2
22,13,7710,72,2
22,6,26622,94,2
22,45,13129506,96,2
22,23,23634,96,3
22,43,12187055,96,3
22,9,1174,68,1
22,37,28487,96,2
22,14,1238,74,1
22,53,28801,96,2
22,19,982,62,1
22,24,3676,73,2
22,15,11781,74,2
22,2,28214,96,2
22,44,37369,96,2
22,5,264696,96,3
22,11,28780,96,2
22,34,3441,67,2
22,10,1677,64,1
22,31,28640,96,2
22,39,394721,96,4
22,25,36306,96,1
22,21,1369389,96,2
22,32,28230,96,2
22,26,129530,96,3
22,38,28106,96,2
22,40,1933,96,2
22,3,1130,73,1
22,35,1041,66,1
22,42,1274,73,1
22,4,27652,95,2
35,47,1140,70,1
35,38,19273,90,2
35,43,7535910,96,2
35,4,28244,96,2
35,50,1564,68,1
35,23,28893,96,3
35,41,163220,96,2
35,40,23162,96,3
35,11,18918,79,2
35,7,1753312,96,3
35,10,10742,76,2
35,24,28338,96,2
35,44,3190,68,2
35,5,28669,96,2
35,33,7682290,96,3
35,1,21316,88,2
35,26,10768,77,2
35,2,265924,96,3
35,27,337446,96,3
35,34,11861,81,2
35,17,2421185,96,5
35,48,1235117,96,3
35,12,28178,96,2
35,42,1798803,96,4
35,16,534264,96,3
35,49,4033961,96,3
35,22,28318,96,2
35,25,36324,96,1
35,37,28340,96,2
35,15,22734,91,2
35,28,1356827,96,2
35,9,9962,76,2
35,36,2298961,96,4
35,46,9071,68,2
35,20,13140,82,2
35,13,29051,96,2
35,30,11108,76,2
35,32,999,64,1
35,19,15360,83,2
35,45,7087906,96,3
35,39,2413131,96,4
35,8,1223,66,1
35,51,3537699,96,3
35,31,1794,69,1
35,57,530931,96,3
35,18,1263,71,1
35,3,20511,88,2
35,53,1021144,96,3
35,21,15376,79,2
35,14,970,61,1
35,6,1264,72,1
35,29,4651,68,2
26,45,11256891,96,3
26,35,18520,88,2
26,50,1302,63,1
26,39,378786,96,4
26,17,381769,96,3
26,1,20840,90,2
26,2,7302,67,2
26,42,1372,69,1
26,37,19508,82,2
26,14,921,58,1
26,8,28266,96,2
26,20,144419,96,3
26,3,3394,62,2
26,28,142802,96,2
26,51,12329416,96,3
26,27,22904,93,2
26,23,1901,96,2
26,10,19934,93,2
26,41,1262,66,1
26,32,28314,96,2
26,21,1376698,96,3
26,9,1130,64,1
26,22,374918,96,3
26,24,28216,96,2
26,4,28965,96,2
26,36,362960,96,3
26,6,28184,96,2
26,25,35967,96,1
26,46,8241,68,2
26,33,10831995,96,3
26,16,28306,96,2
26,44,49019,96,3
26,15,25362,94,2
26,48,1835523,96,3
26,49,1182015,96,3
26,13,12464,77,2
26,38,26817,95,2
26,53,20334,84,2
26,18,1230,66,1
26,40,14220,96,3
26,31,28767,96,2
26,7,1530524,96,2
26,43,12785875,96,3
26,47,20840,84,2
26,12,28266,96,2
26,5,143343,96,2
26,30,10370,72,2
26,57,16685,87,2
26,29,3109,73,2
26,19,8152,71,2
26,11,5727,69,2
26,34,22273,89,2
13,14,27541,95,2
13,22,22688,87,2
13,32,28623,96,2
13,38,8956,79,2
13,30,2867,60,2
13,23,28978,96,3
13,6,1688,69,1
13,48,2095928,96,3
13,12,23303,90,2
13,17,454736,96,4
13,29,203662,96,3
13,40,6914,96,3
13,35,1992,74,1
13,15,10130,75,2
13,19,28608,96,2
13,44,1447,64,1
13,28,28007,95,2
13,7,4681515,96,2
13,42,28796,96,2
13,34,11441,79,2
13,20,20990,85,2
13,2,1533,67,1
13,8,28849,96,2
13,27,17808,91,2
13,51,9008,88,2
13,57,25741,93,2
13,33,15233,96,2
13,47,5913,72,2
13,3,1836,70,1
13,43,7406,89,2
13,49,11456,67,2
13,25,110394,96,1
13,18,29064,96,2
13,41,28146,96,2
13,5,355281,96,3
13,45,36620,96,3
13,36,450062,96,3
13,37,29187,96,2
13,1,16069,85,2
13,46,29225,96,2
13,21,1672,69,1
13,39,449587,96,4
13,4,19898,87,2
13,11,2430,73,1
13,31,19657,84,2
13,24,13444,84,2
13,26,17698,85,2
13,16,19697,88,2
13,53,18802,89,2
13,50,2183,70,1
13,9,14148,81,2
13,10,2320,69,1
37,41,122734,96,3
37,14,2040,77,2
37,34,28430,96,2
37,26,10050,78,2
37,49,297128,96,4
37,48,2130651,96,3
37,28,1257,69,1
37,53,1398257,96,3
37,8,1030,62,1
37,16,28370,96,2
37,4,2325,81,1
37,2,164990,96,3
37,25,36496,96,1
37,29,28473,96,2
37,46,17505,85,2
37,10,29033,96,2
37,18,1610,71,1
37,19,27913,96,2
37,35,1264,66,1
37,42,23298,90,2
37,51,545283,94,3
37,23,1933,96,2
37,7,860253,96,3
37,38,28280,96,2
37,12,1446,70,1
37,21,19817,89,2
37,17,2060737,96,4
37,32,3629,74,2
37,20,6804,67,2
37,22,1342,70,1
37,27,226427,96,3
37,43,627743,96,4
37,6,1353,66,1
37,45,540865,96,4
37,9,16126,81,2
37,47,19828,88,2
37,57,1348097,96,3
37,11,9226,79,2
37,40,2252,96,2
37,13,13576790,96,3
37,39,2002435,96,3
37,30,28821,96,2
37,36,1949210,96,5
37,31,18376,91,2
37,33,513914,96,3
37,24,1236,64,1
37,50,5268,65,2
37,15,15333,85,2
37,5,1720,66,1
37,44,14458,82,2
37,1,1497,59,1
37,3,15259,78,2
57,35,13392,77,2
57,31,10326,79,2
57,38,27229,95,2
57,18,29058,96,2
57,10,19701,89,2
57,5,28270,96,2
57,42,5144,70,2
57,9,9886,74,2
57,44,10852,82,2
57,12,1979,72,1
57,13,3412,75,2
57,48,3859139,96,3
57,36,344410,96,5
57,34,28778,96,2
57,4,29435,96,2
57,24,28788,96,2
57,51,1459,67,1
57,47,5286,78,2
57,17,321669,96,3
57,25,111198,96,1
57,2,581238,96,3
57,15,19222,86,2
57,7,883072,96,3
57,11,29287,96,2
57,32,1500,59,1
57,22,1612,71,1
57,45,28419,96,2
57,28,1869,73,1
57,8,28650,96,2
57,39,308272,96,3
57,53,2386840,96,3
57,49,19788,87,2
57,33,25128,93,2
57,46,11823,76,2
57,29,1499,60,2
57,19,14167,76,2
57,27,1890,74,1
57,43,21274,89,2
57,16,1567,62,1
57,40,1862,96,2
57,23,29054,96,3
57,41,6443,67,2
57,30,2196,69,1
57,20,17306,84,2
57,1,6323,71,2
57,50,21830,88,2
57,3,20735,86,2
57,21,11459,79,2
57,37,6104,68,2
57,6,1425,59,1
57,26,13644,82,2
57,14,1617,65,1
45,33,87740230,96,366
45,39,882826,96,4
45,47,28282,96,2
45,23,28939,96,3
45,9,24227,92,2
45,49,94404520,96,3
45,18,1567,69,1
45,42,28320,96,2
45,31,3715,69,2
45,3,28256,96,2
45,48,2959995,96,3
45,16,40830,96,3
45,28,2800,64,2
45,14,9708,78,2
45,51,77996727,96,329
45,43,80528925,96,299
45,40,1901,96,2
45,41,19059,82,2
45,34,1050,65,1
45,17,879510,96,6
45,29,27575,95,2
45,5,28868,96,2
45,12,218531,96,3
45,6,1129,68,1
45,4,13393,71,3
45,27,28277,96,2
45,13,2615967,96,4
45,35,19235,88,2
45,24,28158,96,2
45,36,848406,96,5
45,50,13408,81,2
45,32,2034407,96,3
45,25,389037,96,4
45,1,27971,96,2
45,57,421766,96,3
45,15,57548,96,3
45,38,28094,96,2
45,7,938174,96,3
45,44,23944,94,2
45,26,21179,92,2
45,22,28336,96,2
45,46,24336,90,3
45,53,3003281,96,3
45,11,20545,85,2
45,8,1004,61,1
45,30,38683,96,3
45,2,441973,96,3
45,19,8976,72,2
45,21,15452,83,2
45,10,13247,77,2
45,20,22680,86,2
45,37,8437,73,4
16,13,601999,96,4
16,15,1773687,96,5
16,21,580773,96,2
16,14,27996,96,2
16,28,522621,82,2
16,20,19704,88,2
16,2,226411,96,2
16,46,402139,96,3
16,32,28370,96,2
16,50,1504188,96,4
16,23,6944,96,3
16,47,1692,58,1
16,27,28346,96,2
16,42,304156,96,2
16,11,11224639,96,10
16,90,205321,96,2
16,48,3471590,96,4
16,44,1048622,96,3
16,109,682470,96,2
16,40,28952,96,3
16,33,746498,96,3
16,35,304616,96,3
16,19,736208,96,5
16,61,34401,96,1
16,51,722091,96,2
16,41,1283,73,1
16,12,18976,85,2
16,45,747185,96,3
16,5,517697,92,3
16,43,747077,96,2
16,9,28426,96,2
16,49,2152061,96,4
16,30,27490,96,3
16,10,1934,71,1
16,57,253643,96,3
16,8,12370,82,2
16,1,19301,87,2
16,37,666589,96,3
16,31,11161763,96,11
16,29,592189,96,3
16,18,700070,96,4
16,17,2469263,96,5
16,39,2481950,96,6
16,22,23628,93,2
16,53,4101225,96,3
16,77,34446,96,1
16,24,255321,96,5
16,36,3009928,96,7
16,34,584336,96,3
16,4,540910,96,4
16,6,243143,96,4
16,7,3770499,96,4
16,38,19288,89,2
16,3,1130,71,1
16,26,1090,62,1
58,59,456,91,2
18,2,67488,96,3
18,3,28236,96,2
18,41,1384,64,1
18,32,4589,73,2
18,16,11875,77,2
18,4,25896,94,2
18,23,14529,96,3
18,11,29012,96,2
18,22,1166,58,1
18,27,1394,66,1
18,47,29220,96,2
18,15,3146,74,2
18,44,28142,96,2
18,8,28510,96,2
18,46,28209,96,2
18,51,310753,90,2
18,49,221228,96,4
18,6,20602,90,2
18,21,1363,63,1
18,50,1731,69,1
18,26,28278,96,2
18,24,22206,92,2
18,43,317803,92,3
18,57,1157317,94,2
18,34,28584,96,2
18,9,28187,96,2
18,28,18070,82,2
18,1,1948,73,1
18,19,1234,63,1
18,37,28413,96,2
18,35,28425,96,2
18,25,36022,96,1
18,31,28700,96,2
18,5,2210,60,2
18,13,4617971,96,3
18,40,16204,96,3
18,36,1985976,96,4
18,48,1833228,96,2
18,14,28486,96,2
18,42,1078,62,1
18,45,369931,96,4
18,39,1960459,96,4
18,53,1202842,91,2
18,20,1121,66,1
18,33,301966,89,2
18,7,1707934,96,3
18,17,1961144,96,5
18,12,15705,85,2
18,29,1413,69,1
18,30,1170,71,1
18,10,1684,61,1
18,38,1058,63,1
43,3,1043784,86,3
43,8,28062,96,2
43,9,16884,85,2
43,35,28400,96,2
43,6,28137,96,2
43,49,154645702,96,3
43,15,38232,95,3
43,25,251664,96,4
43,16,20892,96,3
43,29,3040,74,2
43,44,361699,89,3
43,53,6815466,96,3
43,34,25031,94,2
43,47,14221,77,2
43,7,1272123,96,2
43,45,99825431,96,286
43,40,1854,96,2
43,12,283568,96,3
43,23,1727,96,2
43,26,20615,86,2
43,32,1628234,96,4
43,17,1527979,96,4
43,18,28520,96,2
43,13,2691780,96,6
43,5,74484,69,2
43,4,19891,84,3
43,11,13833,82,2
43,46,31095,87,3
43,48,2975558,96,3
43,21,21712,90,2
43,27,10131,79,2
43,36,1537504,96,6
43,19,18690,82,2
43,10,9730,72,2
43,33,103179626,96,390
43,41,28256,96,2
43,38,10610,76,2
43,57,356946,96,3
43,22,1200,67,1
43,39,1410279,96,4
43,28,28282,96,3
43,42,14256,82,2
43,1,28805,96,2
43,2,349346,96,3
43,24,28414,96,2
43,51,84768653,96,300
43,31,1480,63,1
43,20,18677,85,2
43,30,35918,89,3
43,14,1073,61,1
43,37,4966,65,2
43,50,6064,71,2
60,59,477,90,2
40,2,1220,68,1
40,21,28271,96,2
40,45,2146345,96,3
40,46,28540,96,2
40,26,15820,85,2
40,3,19625,85,2
40,9,28176,96,2
40,30,18112,80,2
40,23,2693144,96,72
40,29,5322,77,2
40,34,11992,86,2
40,51,2207372,96,3
40,57,471976,96,3
40,35,409371,96,3
40,32,45536,96,3
40,11,2242,63,2
40,48,1939944,96,3
40,24,21003,88,2
40,6,1112,69,1
40,5,2615868,96,3
40,42,428933,96,3
40,18,14216,77,2
40,10,1554,62,1
40,49,10079161,96,3
40,7,2961110,96,3
40,38,2441,62,2
40,17,2474828,96,6
40,14,28180,96,2
40,25,818997,96,2
40,53,8606779,96,3
40,47,28836,96,2
40,33,2151624,96,2
40,36,3656970,96,5
40,20,27062,95,2
40,19,19387,89,2
40,16,1167,62,1
40,15,1101,72,1
40,13,23346,90,2
40,39,2547086,96,6
40,44,697455,96,3
40,43,2204315,96,3
40,12,5438306,96,3
40,41,28228,96,2
40,28,1481791,96,3
40,37,28281,96,2
40,27,18526,88,2
40,1,12897,83,2
40,22,28116,96,2
40,8,1020,55,1
40,4,28886,96,2
40,31,194439,96,2
40,50,1301,67,1
21,51,4930,73,3
21,19,17767,83,2
21,25,36410,96,1
21,2,18364,89,2
21,46,3410,67,2
21,20,105238,96,3
21,17,373845,96,4
21,1,9467,81,2
21,11,10049,73,2
21,30,28410,96,2
21,7,1437475,96,2
21,13,28801,96,2
21,8,1101,65,1
21,39,401476,96,4
21,29,20676,89,2
21,26,278103,96,3
21,34,3287,72,2
21,42,12545,83,2
21,28,1111,67,2
21,43,7884,69,3
21,10,12398,79,2
21,31,19395,91,2
21,27,15790,86,2
21,6,28164,96,2
21,4,28814,96,2
21,48,1354571,96,3
21,57,18764,86,2
21,49,2312905,96,3
21,50,5716,73,2
21,45,14437,86,3
21,23,28820,96,3
21,22,450167,96,3
21,41,28298,96,2
21,53,1895,69,1
21,16,28268,96,2
21,32,28365,96,2
21,35,13999,83,2
21,18,28385,96,2
21,24,1000,68,1
21,36,378606,96,4
21,9,13028,82,2
21,3,16761,83,2
21,38,25854,93,2
21,5,250933,96,3
21,47,25111,91,2
21,40,1966,96,2
21,44,274677,96,3
21,14,1351,70,1
21,33,14846,88,3
21,12,1080,66,1
21,37,10322,84,2
21,15,6208,73,2
62,59,443,90,1
63,59,715,91,2
50,14,9323,78,2
50,13,5811021,96,4
50,57,1635723,96,3
50,24,1552,72,1
50,15,28444,96,2
50,53,1727139,96,3
50,20,28504,96,2
50,31,3378,76,2
50,3,22065,88,2
50,47,29348,96,2
50,18,28711,96,2
50,48,2224159,96,4
50,36,2489372,96,5
50,8,6594,75,2
50,22,1439,70,1
50,27,16714,82,2
50,38,1406,66,1
50,40,29252,96,3
50,25,36565,96,1
50,23,2110,96,2
50,10,8106,77,2
50,39,2449546,96,4
50,32,11490,73,2
50,44,13931,86,2
50,5,29106,96,2
50,26,28466,96,2
50,19,23931,95,2
50,1,15596,86,2
50,34,28138,96,2
50,42,21284,90,2
50,11,28326,96,2
50,33,483086,96,3
50,35,28631,96,2
50,2,285875,96,3
50,37,24897,91,2
50,7,812782,96,4
50,6,28350,96,2
50,45,439363,96,4
50,49,284566,96,4
50,29,6777,67,2
50,46,11684,76,2
50,30,1439,61,1
50,43,289846,96,4
50,51,402723,96,3
50,21,24375,93,2
50,17,2504261,96,4
50,4,1602,58,1
50,16,1348,62,1
50,28,1191,70,1
50,41,2517,70,2
50,9,15958,84,2
50,12,1304,65,1
64,66,916,96,1
64,84,916,96,1
64,55,913,96,1
64,91,916,96,1
64,101,922,96,1
64,122,920,96,1
64,95,912,96,1
64,56,7137,96,1
64,141,916,96,1
64,89,362348,96,1
64,145,8082,96,1
64,159,918,96,1
64,136,922,96,1
64,65,38,2,1
67,68,253197,91,2
67,81,213170,91,1
67,94,108463,91,1
67,99,209369,91,1
67,100,64392,91,1
67,104,725606,91,1
67,75,254716,91,2
67,113,108418,91,1
67,82,217152,91,1
67,121,127922,91,1
67,102,341020,91,1
67,155,64129,91,1
67,158,64136,91,1
69,59,710,90,2
102,265,7,2,1
102,266,5,2,1
102,270,3,1,1
102,103,547507,91,1
102,110,1394631,91,3
102,54,319795,91,1
102,267,9,4,1
102,175,544,87,1
102,269,9,3,1
102,129,778937,91,28
102,75,62,14,1
102,268,9,3,1
102,68,78,14,1
102,278,18,6,1
102,185,36,12,1
102,311,9,3,1
102,240,9,3,1
102,237,18,6,1
102,64,112,6,1
102,238,9,3,1
102,241,9,3,1
102,196,9,4,1
102,193,9,4,1
102,189,9,3,1
102,192,14,6,1
102,188,9,3,1
102,191,9,4,1
102,194,9,3,1
102,317,9,3,1
102,290,9,4,1
102,219,18,6,1
102,287,9,3,1
102,288,9,3,1
102,199,18,7,1
102,289,9,3,1
102,292,9,3,1
102,313,9,3,1
102,223,45,17,1
102,314,9,3,1
102,295,9,4,1
102,296,9,3,1
102,299,9,3,1
102,297,9,4,1
102,298,9,3,1
102,301,9,3,1
102,277,9,3,1
102,276,9,4,1
102,251,9,4,1
102,249,9,4,1
102,250,6,3,1
102,252,12,4,1
102,253,9,5,1
102,222,3,1,1
102,180,17,7,1
102,182,10,4,1
102,220,9,3,1
102,221,9,4,1
102,206,9,4,1
102,166,18,6,1
102,200,9,4,1
102,198,9,3,1
102,279,9,4,1
102,255,18,6,1
102,135,9,4,1
102,165,18,6,1
102,176,9,3,1
102,315,9,3,1
102,316,9,3,1
102,285,9,3,1
102,286,9,3,1
102,281,9,3,1
102,282,9,4,1
102,283,9,4,1
102,280,9,3,1
102,258,9,4,1
102,259,9,4,1
102,260,9,3,1
102,307,8,4,1
102,308,8,3,1
102,225,9,3,1
102,224,9,3,1
102,226,9,3,1
102,305,9,3,1
102,303,9,3,1
102,257,9,3,1
102,215,17,6,1
102,254,9,4,1
102,256,8,3,1
102,217,10,5,1
102,213,9,4,1
102,218,9,4,1
102,294,9,3,1
102,179,9,3,1
102,178,9,4,1
102,181,9,3,1
102,184,9,3,1
102,273,8,3,1
102,272,9,3,1
102,274,9,3,1
102,247,9,3,1
102,245,9,4,1
102,244,9,4,1
102,246,9,4,1
102,263,9,4,1
102,264,9,3,1
102,232,9,4,1
102,229,9,3,1
102,230,9,3,1
102,228,8,3,1
102,309,4,2,1
102,310,6,2,1
70,71,1398288,96,2
70,115,2371401,96,2
71,80,58164,96,1
173,59,267,89,1
72,59,279,89,1
73,59,715,91,2
74,75,61097,91,1
74,99,121706,91,1
74,68,60609,91,1
76,59,446,90,1
78,59,727,91,2
79,80,58165,96,1
82,68,15336,91,1
82,99,30700,91,1
82,75,15364,91,1
83,59,721,91,2
85,86,1036332,96,1
85,80,1278698,96,1
85,143,1705460,96,1
87,59,765,91,2
88,59,726,91,2
92,59,443,91,1
93,59,455,91,2
98,59,737,91,2
190,89,13305,3,1
190,187,17,17,1
106,59,445,91,1
107,59,763,91,2
108,64,3258593,96,1
108,54,3249552,96,1
108,103,2275152,96,1
110,102,200532,91,2
111,59,456,91,2
112,59,445,91,1
114,115,3111372,96,1
115,86,1554183,96,1
115,80,1278854,96,1
115,143,1071722,96,1
116,59,724,91,2
117,104,6077312,91,1
117,121,213386,91,1
117,75,62,14,1
117,68,78,14,1
118,59,492,91,2
119,79,1397564,96,2
119,85,2345158,96,2
120,59,706,91,2
123,59,714,90,2
124,54,319824,91,1
124,103,543365,91,1
124,64,111,6,1
125,59,442,91,1
126,59,270,90,1
127,59,724,91,2
129,102,773219,91,36
130,59,279,89,1
131,59,713,91,2
132,59,721,91,2
133,134,444080,96,1
133,89,187815,96,2
133,110,3893227,96,1
137,59,724,91,2
138,59,444,90,1
139,59,724,90,2
142,59,8746,91,2
143,49,6295408,96,1
144,59,445,91,2
146,59,612,89,1
147,59,711,91,2
148,59,443,91,1
186,89,7844,2,1
186,187,20,20,1
149,59,833,91,2
150,59,719,91,2
151,59,444,91,2
152,59,443,91,1
153,59,724,91,2
154,59,2150,91,2
156,59,460,90,2
157,59,445,91,1
160,59,712,91,2
161,59,480,90,2
162,163,706,91,2
164,85,3288774,96,1
167,59,306,89,1
168,59,728,91,2
169,59,725,91,2
170,59,457,91,2
171,59,725,91,2
172,59,273,87,1
195,187,21,21,1
177,59,279,89,1
174,59,97,55,2
96,239,9,4,1
96,242,9,3,1
96,291,8,3,1
96,275,9,3,1
96,248,8,3,1
96,302,9,3,1
96,201,9,4,1
96,202,9,3,1
96,97,8,3,1
96,128,9,4,1
96,236,18,6,1
96,261,9,3,1
96,262,9,3,1
96,306,8,3,1
96,227,9,3,1
96,304,9,4,1
96,216,9,4,1
96,214,9,3,1
96,293,9,3,1
96,243,9,3,1
96,231,9,3,1
183,89,34697,24,1
183,187,44,44,1
284,103,24,3,2
284,54,20,3,1
284,235,16,3,1
284,89,24,3,2
284,234,12,3,1
284,64,16,3,1
284,133,16,3,1
203,204,12,4,1
205,59,12,4,1
207,204,12,4,1
208,59,12,4,1
209,204,12,4,1
210,204,12,4,1
211,204,12,4,1
212,204,12,4,1
300,59,15,1,2
271,103,8,1,2
271,64,4,1,1
271,89,8,1,2
271,234,4,1,1
271,54,4,1,1
271,133,4,1,1
271,235,4,1,1
197,89,14436,3,1
318,59,15,1,1
233,234,4,1,1
233,235,4,1,1
233,54,4,1,1
233,89,8,1,2
233,64,8,1,1
233,103,8,1,2
233,133,4,1,1
